Name,Count,Table
Michael Johnson,2,Table 1
Sarah Williams,2,Table 1
David Brown,2,Table 1
Jennifer Davis,2,Table 1
Robert Miller,2,Table 1
Lisa Wilson,2,Table 1
James Moore,2,Table 1
Emily Taylor,2,Table 1
Richard Anderson,2,Table 1
Jessica Thomas,2,Table 1
Patricia White,2,Table 1
Christopher Harris,2,Table 1
Mary Martin,4,Table 2
Nancy Garcia,4,Table 2
Katherine Robinson,4,Table 2
Brenda Rodriguez,4,Table 2
Elizabeth Hall,4,Table 2
Douglas Adams,2,Table 2
Steven Allen,2,Table 3
Donna Young,2,Table 3
Paul King,2,Table 3
Carol Wright,2,Table 3
Stephen Lopez,2,Table 4
Margaret Hill,2,Table 4
Andrew Scott,2,Table 4
Dorothy Green,2,Table 4
Kenneth Carter,2,Table 5
Ashley Nelson,1,Table 5
Joshua Phillips,2,Table 5
Kathleen Campbell,2,Table 5
Brian Parker,1,Table 5
Shirley Evans,2,Table 6
Edward Collins,1,Table 6
Angela Reeves,2,Table 6
Carolyn Rogers,2,Table 6
Timothy Bell,2,Table 6
Maria Lawrence,1,Table 6
Jason Garrett,2,Table 7
Kathryn Garland,1,Table 7
Jeffrey Peoples,2,Table 7
Abigail Medina,2,Table 7
Ryan Mahoney,2,Table 7
Alice Barbosa,1,Table 8
Gary Clifton,1,Table 8
Nicholas Watkins,2,Table 8
Irene Delia,2,Table 8
Eric McCollough,2,Table 8
Bernice Shields,2,Table 9
Jonathan Howell,1,Table 9
Mildred Kirby,2,Table 9
Audrey Benson,2,Table 9
Lena Bynum,2,Table 9
Etta Whitehead,1,Table 9
Justin Farley,1,Table 10
Scott Draper,2,Table 10
Brandon Vang,2,Table 10
Benjamin Shields,1,Table 10
Samuel Mathis,2,Table 10
Raymond Kenney,2,Table 11
Patrick Cross,1,Table 11
Dennis Rivers,2,Table 11
Jerry Osborne,2,Table 11
Tyler Burke,2,Table 11
Aaron Donovan,1,Table 11
Jose Frazier,2,Table 12
Barbara Carlton,1,Table 12
Adam Fowler,2,Table 12
Henry Thibodeaux,2,Table 12
Douglas Baughman,2,Table 12
Peter Hodges,2,Table 12
Walter Jackson,1,Table 13
Joann Mckinney,2,Table 13
Harold Shepard,2,Table 13
Christine Baker,1,Table 13
Kyle Davis,2,Table 13
Martha Evans,2,Table 13
Jeremy Moore,1,Table 13
Keith King,1,Table 14
Roger Wright,2,Table 14
Louise Lopez,2,Table 14
Arthur Hill,1,Table 14
Theresa Adams,2,Table 14
Vincent Nelson,2,Table 14
Lillian Carter,1,Table 14
Ralph Roberts,1,Table 15
Gloria Phillips,2,Table 15
Roy Campbell,2,Table 15
Lillie Parker,1,Table 15
Russell Evans,2,Table 15
Rose Edwards,2,Table 15
Louis Collins,1,Table 15
Jack Reeves,1,Table 16
Albert Rogers,2,Table 16
Joe Bell,2,Table 16
Tom Lawrence,1,Table 16
Bob Garrett,2,Table 16
Myrtle Garland,2,Table 16
George Peoples,1,Table 16
Peggy Medina,1,Table 17
Frank Mahoney,2,Table 17
Phyllis Barbosa,2,Table 17
Charles Clifton,1,Table 17
Eva Watkins,2,Table 17
Paul Delia,2,Table 17
Edna McCollough,1,Table 17
William Shields,1,Table 18
Dorothy Howell,2,Table 18
Mark Kirby,2,Table 18
Donald Benson,1,Table 18
Elizabeth Bynum,2,Table 18
Matthew Whitehead,2,Table 18
Ida Farley,1,Table 18
Anthony Draper,1,Table 19
Mattie Vang,2,Table 19
Robert Shields,2,Table 19
Lela Mathis,1,Table 19
William Kenney,2,Table 19
Callie Cross,2,Table 19
David Rivers,1,Table 19
Helen Osborne,1,Table 20
Joseph Burke,2,Table 20
Mae Donovan,2,Table 20
Richard Frazier,1,Table 20
Lorraine Carlton,2,Table 20
Christopher Fowler,2,Table 20
Violet Thibodeaux,1,Table 20
Daniel Baughman,1,Table 21
Roberta Hodges,2,Table 21
Michael Jackson,2,Table 21
Jennifer Mckinney,1,Table 21
Robert Shepard,2,Table 21
Sarah Baker,2,Table 21
David Davis,1,Table 21
William Evans,1,Table 22
Patricia Moore,2,Table 22
John King,2,Table 22
Mary Wright,1,Table 22
James Lopez,2,Table 22
Linda Hill,2,Table 22
Richard Adams,1,Table 22
Charles Nelson,1,Table 23
Karen Carter,2,Table 23
Daniel Roberts,2,Table 23
Lisa Phillips,1,Table 23
Matthew Campbell,2,Table 23
Betty Parker,2,Table 23
Anthony Evans,1,Table 23
Donald Edwards,1,Table 24
Margaret Collins,2,Table 24
Steven Reeves,2,Table 24
Ashley Rogers,1,Table 24
Virginia Bell,2,Table 24
Paul Lawrence,2,Table 24
Andrew Garrett,1,Table 24
Kenneth Garland,1,Table 25
Cynthia Peoples,2,Table 25
Joshua Medina,2,Table 25
Donna Mahoney,1,Table 25
Kevin Barbosa,2,Table 25
Carol Clifton,2,Table 25
Brian Watkins,1,Table 25
Edward Delia,1,Table 26
Nancy McCollough,2,Table 26
Ronald Shields,2,Table 26
Diane Howell,1,Table 26
Timothy Kirby,2,Table 26
Julie Benson,2,Table 26
Larry Bynum,1,Table 26
Justin Whitehead,1,Table 27
Etta Farley,2,Table 27
Scott Draper,2,Table 27
Alice Vang,1,Table 27
Brandon Shields,2,Table 27
Denise Mathis,2,Table 27
Benjamin Kenney,1,Table 27
Samuel Cross,1,Table 28
Irene Rivers,2,Table 28
Eric Osborne,2,Table 28
Bernice Burke,1,Table 28
Jonathan Donovan,2,Table 28
Mildred Frazier,2,Table 28
Audrey Carlton,1,Table 28
